epoch,time,train/loss,metrics/accuracy_top1,metrics/accuracy_top5,val/loss,lr/pg0,lr/pg1,lr/pg2
1,594.528,3.06912,0.46111,0.80783,1.95421,0.0670251,0.00033308,0.00033308
2,653.129,2.25572,0.62692,0.89915,1.35212,0.0340185,0.000659816,0.000659816
3,675.302,1.90961,0.7312,0.94387,0.97656,0.00100526,0.000979952,0.000979952
4,696.734,1.72143,0.78219,0.96937,0.75216,0.0009703,0.0009703,0.0009703
5,718.365,1.59242,0.81966,0.97678,0.69554,0.0009604,0.0009604,0.0009604
6,739.659,1.50162,0.8349,0.97749,0.58832,0.0009505,0.0009505,0.0009505
7,760.988,1.42378,0.85684,0.98034,0.50892,0.0009406,0.0009406,0.0009406
8,782.125,1.37422,0.87094,0.98191,0.45811,0.0009307,0.0009307,0.0009307
9,803.524,1.34436,0.89345,0.98291,0.42015,0.0009208,0.0009208,0.0009208
10,825.145,1.27516,0.86952,0.98248,0.40749,0.0009109,0.0009109,0.0009109
11,846.203,1.2443,0.88105,0.98476,0.39003,0.000901,0.000901,0.000901
12,867.347,1.2186,0.8916,0.98519,0.35369,0.0008911,0.0008911,0.0008911
13,888.621,1.21505,0.89929,0.98561,0.35078,0.0008812,0.0008812,0.0008812
14,909.88,1.14425,0.88348,0.98575,0.33867,0.0008713,0.0008713,0.0008713
15,931.51,1.14758,0.89046,0.98433,0.33035,0.0008614,0.0008614,0.0008614
16,952.577,1.12216,0.90627,0.98447,0.31088,0.0008515,0.0008515,0.0008515
17,973.868,1.11055,0.92991,0.98618,0.29951,0.0008416,0.0008416,0.0008416
18,995.363,1.08834,0.91211,0.98704,0.28978,0.0008317,0.0008317,0.0008317
19,1016.34,1.07766,0.90712,0.98689,0.29481,0.0008218,0.0008218,0.0008218
20,1037.53,1.04945,0.93561,0.98647,0.27001,0.0008119,0.0008119,0.0008119
21,1058.87,1.03387,0.93006,0.98732,0.26901,0.000802,0.000802,0.000802
22,1080.42,1.0307,0.93177,0.98761,0.25923,0.0007921,0.0007921,0.0007921
23,1101.95,1.00022,0.92991,0.98789,0.26286,0.0007822,0.0007822,0.0007822
24,1123.28,1.0068,0.93775,0.98775,0.25154,0.0007723,0.0007723,0.0007723
25,1144.69,0.97634,0.9416,0.98803,0.23754,0.0007624,0.0007624,0.0007624
26,1166,0.98046,0.9463,0.98803,0.22278,0.0007525,0.0007525,0.0007525
27,1187.3,0.95941,0.95256,0.98775,0.22149,0.0007426,0.0007426,0.0007426
28,1208.69,0.95546,0.95157,0.9886,0.20171,0.0007327,0.0007327,0.0007327
29,1230.14,0.95496,0.94487,0.98875,0.21175,0.0007228,0.0007228,0.0007228
30,1251.08,0.93349,0.95128,0.98889,0.21427,0.0007129,0.0007129,0.0007129
31,1272.17,0.89102,0.95456,0.98832,0.19883,0.000703,0.000703,0.000703
32,1293.6,0.91536,0.95427,0.98818,0.19634,0.0006931,0.0006931,0.0006931
33,1314.67,0.90226,0.95613,0.98789,0.19242,0.0006832,0.0006832,0.0006832
34,1336.02,0.89265,0.95969,0.98832,0.18512,0.0006733,0.0006733,0.0006733
35,1357.36,0.87485,0.95783,0.98803,0.18671,0.0006634,0.0006634,0.0006634
36,1379.17,0.86069,0.96154,0.98789,0.17813,0.0006535,0.0006535,0.0006535
37,1400.68,0.86346,0.96268,0.98789,0.17422,0.0006436,0.0006436,0.0006436
38,1421.91,0.84312,0.96197,0.98775,0.1694,0.0006337,0.0006337,0.0006337
39,1443.85,0.82736,0.96125,0.98818,0.16783,0.0006238,0.0006238,0.0006238
40,1464.85,0.83463,0.96197,0.98818,0.16448,0.0006139,0.0006139,0.0006139
41,1486.26,0.81858,0.96325,0.98789,0.16291,0.000604,0.000604,0.000604
42,1507.81,0.81001,0.96353,0.98803,0.16277,0.0005941,0.0005941,0.0005941
43,1528.72,0.81576,0.96353,0.98803,0.16165,0.0005842,0.0005842,0.0005842
44,1550.5,0.79822,0.96453,0.98775,0.1589,0.0005743,0.0005743,0.0005743
45,1571.94,0.80692,0.96553,0.98775,0.15756,0.0005644,0.0005644,0.0005644
46,1593.58,0.79045,0.96553,0.98803,0.15712,0.0005545,0.0005545,0.0005545
47,1615.23,0.77531,0.96567,0.98803,0.15549,0.0005446,0.0005446,0.0005446
48,1636.94,0.77344,0.96638,0.98803,0.15395,0.0005347,0.0005347,0.0005347
49,1658.81,0.75394,0.96681,0.98803,0.1536,0.0005248,0.0005248,0.0005248
50,1680.15,0.7698,0.96781,0.98803,0.15281,0.0005149,0.0005149,0.0005149
51,1701.74,0.75201,0.96724,0.98803,0.15172,0.000505,0.000505,0.000505
52,1723.14,0.75326,0.96823,0.98803,0.15128,0.0004951,0.0004951,0.0004951
53,1744.52,0.7554,0.9688,0.98789,0.15067,0.0004852,0.0004852,0.0004852
54,1766.33,0.7256,0.9688,0.98789,0.15052,0.0004753,0.0004753,0.0004753
55,1787.71,0.73796,0.9688,0.98789,0.15009,0.0004654,0.0004654,0.0004654
56,1809.81,0.72728,0.96923,0.98775,0.14913,0.0004555,0.0004555,0.0004555
57,1831.72,0.70572,0.96895,0.98761,0.14818,0.0004456,0.0004456,0.0004456
58,1853,0.70681,0.96937,0.98761,0.14839,0.0004357,0.0004357,0.0004357
59,1874.29,0.70487,0.96966,0.98761,0.14737,0.0004258,0.0004258,0.0004258
60,1897.05,0.70346,0.97009,0.98761,0.14775,0.0004159,0.0004159,0.0004159
61,1919.47,0.69034,0.97037,0.98761,0.14633,0.000406,0.000406,0.000406
62,1944.39,0.69632,0.97051,0.98761,0.14608,0.0003961,0.0003961,0.0003961
63,1967.7,0.68407,0.97051,0.98761,0.14553,0.0003862,0.0003862,0.0003862
64,1990.32,0.65997,0.97051,0.98761,0.14688,0.0003763,0.0003763,0.0003763
65,2012.91,0.66721,0.97051,0.98789,0.14492,0.0003664,0.0003664,0.0003664
66,2034.6,0.66114,0.97137,0.98789,0.14486,0.0003565,0.0003565,0.0003565
67,2057.52,0.66626,0.97208,0.98789,0.14443,0.0003466,0.0003466,0.0003466
68,2080.42,0.65885,0.97236,0.98789,0.1437,0.0003367,0.0003367,0.0003367
69,2102.79,0.64936,0.97265,0.98789,0.14329,0.0003268,0.0003268,0.0003268
70,2124.93,0.64267,0.97265,0.98789,0.14323,0.0003169,0.0003169,0.0003169
71,2147.64,0.62706,0.97293,0.98789,0.14286,0.000307,0.000307,0.000307
72,2170.7,0.63351,0.97308,0.98746,0.14248,0.0002971,0.0002971,0.0002971
73,2193.79,0.62509,0.97336,0.98746,0.142,0.0002872,0.0002872,0.0002872
74,2215.65,0.61523,0.9735,0.98746,0.1425,0.0002773,0.0002773,0.0002773
75,2238.13,0.61686,0.97379,0.98761,0.14157,0.0002674,0.0002674,0.0002674
76,2261.19,0.62665,0.97379,0.98775,0.14123,0.0002575,0.0002575,0.0002575
77,2284.44,0.60561,0.97422,0.98775,0.14087,0.0002476,0.0002476,0.0002476
78,2307.34,0.60183,0.9745,0.98789,0.14179,0.0002377,0.0002377,0.0002377
79,2329.84,0.60268,0.9745,0.98789,0.14012,0.0002278,0.0002278,0.0002278
80,2352.85,0.58253,0.9745,0.98789,0.14031,0.0002179,0.0002179,0.0002179
81,2375.58,0.5842,0.97422,0.98789,0.14044,0.000208,0.000208,0.000208
82,2397.84,0.58034,0.97407,0.98789,0.13995,0.0001981,0.0001981,0.0001981
83,2420.16,0.58663,0.97407,0.98789,0.13924,0.0001882,0.0001882,0.0001882
84,2442.53,0.55836,0.97436,0.98803,0.13893,0.0001783,0.0001783,0.0001783
85,2464.89,0.57496,0.97464,0.98803,0.13943,0.0001684,0.0001684,0.0001684
86,2488.1,0.55638,0.97464,0.98789,0.13859,0.0001585,0.0001585,0.0001585
87,2510.57,0.5528,0.97464,0.98789,0.13811,0.0001486,0.0001486,0.0001486
88,2533.29,0.55223,0.97479,0.98789,0.13769,0.0001387,0.0001387,0.0001387
89,2557.78,0.54801,0.97493,0.98789,0.13825,0.0001288,0.0001288,0.0001288
90,2580.18,0.55593,0.97493,0.98803,0.13716,0.0001189,0.0001189,0.0001189
91,2603.65,0.54972,0.97507,0.98789,0.13675,0.000109,0.000109,0.000109
92,2626.47,0.53249,0.97493,0.98803,0.13639,9.91e-05,9.91e-05,9.91e-05
93,2648.78,0.53104,0.97479,0.98818,0.13574,8.92e-05,8.92e-05,8.92e-05
94,2671.43,0.52313,0.97479,0.98818,0.13531,7.93e-05,7.93e-05,7.93e-05
95,2694.08,0.50995,0.97521,0.98832,0.1347,6.94e-05,6.94e-05,6.94e-05
96,2717.3,0.51643,0.97521,0.98832,0.13489,5.95e-05,5.95e-05,5.95e-05
97,2740.01,0.52074,0.97578,0.9886,0.13347,4.96e-05,4.96e-05,4.96e-05
98,2763.19,0.51116,0.97564,0.9886,0.13399,3.97e-05,3.97e-05,3.97e-05
99,2786.17,0.52215,0.97578,0.98846,0.13237,2.98e-05,2.98e-05,2.98e-05
100,2808.77,0.51608,0.97607,0.9886,0.13183,1.99e-05,1.99e-05,1.99e-05
